,GALLUP,,,,,,,,,,,,,,,,,,,,,,,,
,"Copyright © 2026 Gallup, Inc. All rights reserved. The information contained in this document may only be used for noncommercial personal use and is subject to Gallup’s Terms of Use.",,,,,,,,,,,,,,,,,,,,,,,,
,,,,,,,,,,,,,,,,,,,,,,,,,
,Short Text:,Approval of EU's Leadership,,,,,,,,,,,,,,,,,,,,,,,
,Long Text:,Do you approve or disapprove of the job performance of the leadership of the following countries? The European Union.,,,,,,,,,,,,,,,,,,,,,,,
,Data Source:,World Poll,,,,,,,,,,,,,,,,,,,,,,,
,,,,,,,,,,,,,,,,,,,,,,,,,
,Geography,Time,Demographic,Demographic Value,Approve,Disapprove,DK/RF,N Size,,,,,,,,,,,,,,,,,
,Austria,2025,Aggregate,Aggregate,0.622945167,0.371885865,0.005168967,"1,028",,,,,,,,,,,,,,,,,
,Austria,2024,Aggregate,Aggregate,0.63775677,0.334969255,0.027273975,"1,000",,,,,,,,,,,,,,,,,
,Austria,2023,Aggregate,Aggregate,0.635414109,0.330050955,0.034534936,"1,000",,,,,,,,,,,,,,,,,
,Austria,2022,Aggregate,Aggregate,0.611922827,0.34017746,0.047899713,"1,000",,,,,,,,,,,,,,,,,
,Austria,2021,Aggregate,Aggregate,0.642028415,0.319871829,0.038099756,"1,000",,,,,,,,,,,,,,,,,
,Austria,2020,Aggregate,Aggregate,0.665676759,0.293801258,0.040521984,"1,000",,,,,,,,,,,,,,,,,
,Austria,2019,Aggregate,Aggregate,0.645395104,0.288791123,0.065813773,"1,025",,,,,,,,,,,,,,,,,
,Austria,2018,Aggregate,Aggregate,0.606363612,0.345009332,0.048627056,"1,000",,,,,,,,,,,,,,,,,
,Austria,2017,Aggregate,Aggregate,0.509233372,0.452202911,0.038563717,"1,000",,,,,,,,,,,,,,,,,
,Austria,2016,Aggregate,Aggregate,0.474977696,0.469286257,0.055736047,"1,000",,,,,,,,,,,,,,,,,
,Austria,2015,Aggregate,Aggregate,0.524866261,0.443619832,0.031513907,"1,000",,,,,,,,,,,,,,,,,
,Austria,2014,Aggregate,Aggregate,0.507102048,0.422828294,0.070069658,"1,000",,,,,,,,,,,,,,,,,
,Austria,2013,Aggregate,Aggregate,0.473762747,0.439614609,0.086622644,"1,000",,,,,,,,,,,,,,,,,
,Austria,2012,Aggregate,Aggregate,0.390682154,0.422852909,0.186464937,"1,001",,,,,,,,,,,,,,,,,
,Austria,2011,Aggregate,Aggregate,0.372275399,0.463451341,0.16427326,"1,004",,,,,,,,,,,,,,,,,
,Austria,2010,Aggregate,Aggregate,0.416426259,0.382363038,0.201210703,"1,000",,,,,,,,,,,,,,,,,
,Austria,2009,Aggregate,Aggregate,0.418708657,0.33720511,0.244086233,"1,000",,,,,,,,,,,,,,,,,
,Austria,2008,Aggregate,Aggregate,0.356194191,0.38352231,0.260283499,"1,001",,,,,,,,,,,,,,,,,
,Austria,2006,Aggregate,Aggregate,0.44920818,0.283075762,0.267716058,"1,004",,,,,,,,,,,,,,,,,
,Belgium,2025,Aggregate,Aggregate,0.622506506,0.354645008,0.022848486,"1,001",,,,,,,,,,,,,,,,,
,Belgium,2024,Aggregate,Aggregate,0.635443853,0.330324274,0.034231874,"1,002",,,,,,,,,,,,,,,,,
,Belgium,2023,Aggregate,Aggregate,0.651112936,0.301773487,0.047113577,"1,000",,,,,,,,,,,,,,,,,
,Belgium,2022,Aggregate,Aggregate,0.650407744,0.237250017,0.11234224,"1,000",,,,,,,,,,,,,,,,,
,Belgium,2021,Aggregate,Aggregate,0.576307483,0.336166497,0.08752602,"1,010",,,,,,,,,,,,,,,,,
,Belgium,2020,Aggregate,Aggregate,0.385277893,0.509765811,0.104956296,"1,005",,,,,,,,,,,,,,,,,
,Belgium,2019,Aggregate,Aggregate,0.447365731,0.45301693,0.099617339,"1,025",,,,,,,,,,,,,,,,,
,Belgium,2018,Aggregate,Aggregate,0.514979261,0.385911075,0.099109664,"1,011",,,,,,,,,,,,,,,,,
,Belgium,2017,Aggregate,Aggregate,0.59750795,0.37211496,0.030377091,"1,001",,,,,,,,,,,,,,,,,
,Belgium,2016,Aggregate,Aggregate,0.568863577,0.414073602,0.017062821,"1,000",,,,,,,,,,,,,,,,,
,Belgium,2015,Aggregate,Aggregate,0.593974979,0.346032191,0.05999283,"1,037",,,,,,,,,,,,,,,,,
,Belgium,2014,Aggregate,Aggregate,0.642372225,0.299322894,0.058304882,"1,000",,,,,,,,,,,,,,,,,
,Belgium,2013,Aggregate,Aggregate,0.557682594,0.277631243,0.164686163,"1,006",,,,,,,,,,,,,,,,,
,Belgium,2012,Aggregate,Aggregate,0.303216791,0.168407095,0.528376113,"1,001",,,,,,,,,,,,,,,,,
,Belgium,2011,Aggregate,Aggregate,0.446005253,0.223254381,0.330740366,"1,002",,,,,,,,,,,,,,,,,
,Belgium,2010,Aggregate,Aggregate,0.224988465,0.253669344,0.52134219,"1,003",,,,,,,,,,,,,,,,,
,Belgium,2008,Aggregate,Aggregate,0.549925244,0.187608564,0.262466192,"1,002",,,,,,,,,,,,,,,,,
,Bulgaria,2025,Aggregate,Aggregate,0.438865844,0.416988151,0.144146005,"1,000",,,,,,,,,,,,,,,,,
,Bulgaria,2024,Aggregate,Aggregate,0.4673531,0.37087035,0.16177655,"1,000",,,,,,,,,,,,,,,,,
,Bulgaria,2023,Aggregate,Aggregate,0.42359269,0.356730766,0.219676544,"1,000",,,,,,,,,,,,,,,,,
,Bulgaria,2022,Aggregate,Aggregate,0.494390275,0.361072255,0.14453747,"1,000",,,,,,,,,,,,,,,,,
,Bulgaria,2021,Aggregate,Aggregate,0.636622122,0.292161021,0.071216858,"1,005",,,,,,,,,,,,,,,,,
,Bulgaria,2020,Aggregate,Aggregate,0.575235037,0.332368546,0.092396418,"1,000",,,,,,,,,,,,,,,,,
,Bulgaria,2019,Aggregate,Aggregate,0.487473685,0.319120657,0.193405657,"1,080",,,,,,,,,,,,,,,,,
,Bulgaria,2018,Aggregate,Aggregate,0.484284389,0.347820988,0.167894623,"1,001",,,,,,,,,,,,,,,,,
,Bulgaria,2017,Aggregate,Aggregate,0.501129475,0.369952088,0.128918437,"1,000",,,,,,,,,,,,,,,,,
,Bulgaria,2016,Aggregate,Aggregate,0.45821065,0.377525138,0.164264212,"1,000",,,,,,,,,,,,,,,,,
,Bulgaria,2015,Aggregate,Aggregate,0.598784197,0.253775843,0.14743996,"1,000",,,,,,,,,,,,,,,,,
,Bulgaria,2014,Aggregate,Aggregate,0.505191705,0.245903446,0.248904849,"1,000",,,,,,,,,,,,,,,,,
,Bulgaria,2013,Aggregate,Aggregate,0.453524266,0.213219623,0.333256111,"1,000",,,,,,,,,,,,,,,,,
,Bulgaria,2012,Aggregate,Aggregate,0.450553226,0.174163212,0.375283562,"1,000",,,,,,,,,,,,,,,,,
,Bulgaria,2011,Aggregate,Aggregate,0.494583401,0.164037534,0.341379065,"1,006",,,,,,,,,,,,,,,,,
,Bulgaria,2010,Aggregate,Aggregate,0.492977771,0.168742919,0.338279311,"1,000",,,,,,,,,,,,,,,,,
,Bulgaria,2009,Aggregate,Aggregate,0.598777413,0.101048464,0.300174123,"1,000",,,,,,,,,,,,,,,,,
,Bulgaria,2006,Aggregate,Aggregate,0.567531009,0.081011471,0.35145752,"1,003",,,,,,,,,,,,,,,,,
,Croatia,2025,Aggregate,Aggregate,0.563874468,0.329431098,0.106694434,"1,007",,,,,,,,,,,,,,,,,
,Croatia,2024,Aggregate,Aggregate,0.626577779,0.284514737,0.088907484,"1,000",,,,,,,,,,,,,,,,,
,Croatia,2023,Aggregate,Aggregate,0.630057545,0.224393467,0.145548988,"1,004",,,,,,,,,,,,,,,,,
,Croatia,2022,Aggregate,Aggregate,0.554248605,0.287908009,0.157843386,"1,002",,,,,,,,,,,,,,,,,
,Croatia,2021,Aggregate,Aggregate,0.475087362,0.309349664,0.215562974,"1,002",,,,,,,,,,,,,,,,,
,Croatia,2020,Aggregate,Aggregate,0.498323053,0.256936387,0.24474056,"1,002",,,,,,,,,,,,,,,,,
,Croatia,2019,Aggregate,Aggregate,0.481228357,0.37002344,0.148748203,"1,080",,,,,,,,,,,,,,,,,
,Croatia,2018,Aggregate,Aggregate,0.554043057,0.3201772,0.125779743,"1,000",,,,,,,,,,,,,,,,,
,Croatia,2017,Aggregate,Aggregate,0.535139697,0.2471414,0.217718903,"1,000",,,,,,,,,,,,,,,,,
,Croatia,2016,Aggregate,Aggregate,0.496195287,0.281192707,0.222612006,"1,000",,,,,,,,,,,,,,,,,
,Croatia,2015,Aggregate,Aggregate,0.512116341,0.244673498,0.243210161,"1,000",,,,,,,,,,,,,,,,,
,Croatia,2014,Aggregate,Aggregate,0.508231003,0.308831713,0.182937285,"1,000",,,,,,,,,,,,,,,,,
,Croatia,2013,Aggregate,Aggregate,0.360607318,0.233985525,0.405407156,"1,000",,,,,,,,,,,,,,,,,
,Croatia,2012,Aggregate,Aggregate,0.239792307,0.253950751,0.506256942,"1,000",,,,,,,,,,,,,,,,,
,Croatia,2006,Aggregate,Aggregate,0.464248747,0.21352332,0.322227932,"1,000",,,,,,,,,,,,,,,,,
,Cyprus,2025,Aggregate,Aggregate,0.437514558,0.490279217,0.072206225,"1,003",,,,,,,,,,,,,,,,,
,Cyprus,2024,Aggregate,Aggregate,0.370780786,0.46184151,0.167377704,"1,010",,,,,,,,,,,,,,,,,
,Cyprus,2023,Aggregate,Aggregate,0.535502747,0.359842848,0.104654405,"1,022",,,,,,,,,,,,,,,,,
,Cyprus,2022,Aggregate,Aggregate,0.403389265,0.449432714,0.14717802,"1,014",,,,,,,,,,,,,,,,,
,Cyprus,2021,Aggregate,Aggregate,0.526801623,0.319769889,0.153428487,"1,019",,,,,,,,,,,,,,,,,
,Cyprus,2020,Aggregate,Aggregate,0.458768346,0.360382416,0.180849237,"1,005",,,,,,,,,,,,,,,,,
,Cyprus,2019,Aggregate,Aggregate,0.350698355,0.16876479,0.480536855,"1,043",,,,,,,,,,,,,,,,,
,Cyprus,2018,Aggregate,Aggregate,0.44615226,0.366130742,0.187716998,"1,026",,,,,,,,,,,,,,,,,
,Cyprus,2017,Aggregate,Aggregate,0.377960535,0.408763862,0.213275603,"1,008",,,,,,,,,,,,,,,,,
,Cyprus,2016,Aggregate,Aggregate,0.303313013,0.452653331,0.244033656,"1,006",,,,,,,,,,,,,,,,,
,Cyprus,2015,Aggregate,Aggregate,0.23776136,0.565509119,0.196729521,"1,029",,,,,,,,,,,,,,,,,
,Cyprus,2014,Aggregate,Aggregate,0.281341726,0.466381385,0.252276889,"1,000",,,,,,,,,,,,,,,,,
,Cyprus,2013,Aggregate,Aggregate,0.205235953,0.648061459,0.146702588,500,,,,,,,,,,,,,,,,,
,Cyprus,2012,Aggregate,Aggregate,0.342745784,0.382289932,0.274964284,500,,,,,,,,,,,,,,,,,
,Cyprus,2011,Aggregate,Aggregate,0.412907974,0.233090883,0.354001143,"1,005",,,,,,,,,,,,,,,,,
,Cyprus,2010,Aggregate,Aggregate,0.388031577,0.255081311,0.356887111,"1,005",,,,,,,,,,,,,,,,,
,Cyprus,2009,Aggregate,Aggregate,0.500787503,0.206393287,0.29281921,502,,,,,,,,,,,,,,,,,
,Cyprus,2006,Aggregate,Aggregate,0.603469197,0.160873983,0.235656819,"1,000",,,,,,,,,,,,,,,,,
,Czech Republic,2025,Aggregate,Aggregate,0.399190387,0.40682587,0.193983743,"1,001",,,,,,,,,,,,,,,,,
,Czech Republic,2024,Aggregate,Aggregate,0.466958578,0.402746569,0.130294853,"1,003",,,,,,,,,,,,,,,,,
,Czech Republic,2023,Aggregate,Aggregate,0.46982787,0.409969067,0.120203063,"1,003",,,,,,,,,,,,,,,,,
,Czech Republic,2022,Aggregate,Aggregate,0.489154852,0.334216126,0.176629022,"1,003",,,,,,,,,,,,,,,,,
,Czech Republic,2021,Aggregate,Aggregate,0.466750628,0.33097599,0.202273383,"1,008",,,,,,,,,,,,,,,,,
,Czech Republic,2020,Aggregate,Aggregate,0.438468078,0.37282564,0.188706281,"1,004",,,,,,,,,,,,,,,,,
,Czech Republic,2018,Aggregate,Aggregate,0.276741213,0.416856973,0.306401814,"1,000",,,,,,,,,,,,,,,,,
,Czech Republic,2017,Aggregate,Aggregate,0.363577385,0.472329525,0.16409309,"1,000",,,,,,,,,,,,,,,,,
,Czech Republic,2016,Aggregate,Aggregate,0.325402727,0.477317808,0.197279465,"1,000",,,,,,,,,,,,,,,,,
,Czech Republic,2015,Aggregate,Aggregate,0.379010221,0.444958373,0.176031406,"1,000",,,,,,,,,,,,,,,,,
,Czech Republic,2014,Aggregate,Aggregate,0.316716215,0.451081699,0.232202085,"1,008",,,,,,,,,,,,,,,,,
,Czech Republic,2013,Aggregate,Aggregate,0.299525774,0.431746814,0.268727413,"1,001",,,,,,,,,,,,,,,,,
,Czech Republic,2012,Aggregate,Aggregate,0.26233319,0.466748696,0.270918113,"1,005",,,,,,,,,,,,,,,,,
,Czech Republic,2011,Aggregate,Aggregate,0.370907831,0.328432706,0.300659463,"1,000",,,,,,,,,,,,,,,,,
,Czech Republic,2010,Aggregate,Aggregate,0.411198527,0.295108226,0.293693247,"1,005",,,,,,,,,,,,,,,,,
,Czech Republic,2009,Aggregate,Aggregate,0.463250921,0.208929462,0.327819617,"1,077",,,,,,,,,,,,,,,,,
,Denmark,2025,Aggregate,Aggregate,0.745942468,0.21359354,0.040463993,"1,002",,,,,,,,,,,,,,,,,
,Denmark,2024,Aggregate,Aggregate,0.677256393,0.232214503,0.090529105,"1,005",,,,,,,,,,,,,,,,,
,Denmark,2023,Aggregate,Aggregate,0.754469139,0.20094375,0.044587111,"1,008",,,,,,,,,,,,,,,,,
,Denmark,2022,Aggregate,Aggregate,0.700438777,0.248268639,0.051292584,"1,001",,,,,,,,,,,,,,,,,
,Denmark,2021,Aggregate,Aggregate,0.669217643,0.220880727,0.10990163,"1,010",,,,,,,,,,,,,,,,,
,Denmark,2020,Aggregate,Aggregate,0.632392516,0.283007542,0.084599941,"1,000",,,,,,,,,,,,,,,,,
,Denmark,2019,Aggregate,Aggregate,0.702509805,0.254526868,0.042963327,"1,025",,,,,,,,,,,,,,,,,
,Denmark,2018,Aggregate,Aggregate,0.674706906,0.286592064,0.03870103,"1,000",,,,,,,,,,,,,,,,,
,Denmark,2017,Aggregate,Aggregate,0.61792625,0.319971738,0.062102012,"1,000",,,,,,,,,,,,,,,,,
,Denmark,2016,Aggregate,Aggregate,0.582309704,0.371656131,0.046034165,"1,000",,,,,,,,,,,,,,,,,
,Denmark,2015,Aggregate,Aggregate,0.589879934,0.286779107,0.123340959,"1,005",,,,,,,,,,,,,,,,,
,Denmark,2014,Aggregate,Aggregate,0.519387387,0.337490988,0.143121625,"1,000",,,,,,,,,,,,,,,,,
,Denmark,2013,Aggregate,Aggregate,0.503241107,0.325449973,0.17130892,753,,,,,,,,,,,,,,,,,
,Denmark,2012,Aggregate,Aggregate,0.444656753,0.330128026,0.225215221,"1,001",,,,,,,,,,,,,,,,,
,Denmark,2011,Aggregate,Aggregate,0.490522113,0.324518775,0.184959112,"1,005",,,,,,,,,,,,,,,,,
,Denmark,2010,Aggregate,Aggregate,0.545225688,0.25125636,0.203517952,"1,000",,,,,,,,,,,,,,,,,
,Denmark,2009,Aggregate,Aggregate,0.613298437,0.229418516,0.157283046,"1,000",,,,,,,,,,,,,,,,,
,Denmark,2008,Aggregate,Aggregate,0.596216851,0.244334171,0.159448977,"1,001",,,,,,,,,,,,,,,,,
,Estonia,2025,Aggregate,Aggregate,0.511774521,0.382475838,0.105749641,"1,011",,,,,,,,,,,,,,,,,
,Estonia,2024,Aggregate,Aggregate,0.531072823,0.32082168,0.148105497,"1,006",,,,,,,,,,,,,,,,,
,Estonia,2023,Aggregate,Aggregate,0.653969458,0.237928277,0.108102265,"1,006",,,,,,,,,,,,,,,,,
,Estonia,2022,Aggregate,Aggregate,0.534236756,0.275721391,0.190041853,"1,004",,,,,,,,,,,,,,,,,
,Estonia,2021,Aggregate,Aggregate,0.560971232,0.24911499,0.189913778,"1,024",,,,,,,,,,,,,,,,,
,Estonia,2020,Aggregate,Aggregate,0.534651043,0.254934287,0.210414671,"1,000",,,,,,,,,,,,,,,,,
,Estonia,2019,Aggregate,Aggregate,0.438934672,0.261174964,0.299890364,"1,080",,,,,,,,,,,,,,,,,
,Estonia,2018,Aggregate,Aggregate,0.370180291,0.294250279,0.33556943,"1,000",,,,,,,,,,,,,,,,,
,Estonia,2017,Aggregate,Aggregate,0.414513455,0.320851856,0.264634689,"1,000",,,,,,,,,,,,,,,,,
,Estonia,2016,Aggregate,Aggregate,0.296832908,0.499978125,0.203188967,"1,000",,,,,,,,,,,,,,,,,
,Estonia,2015,Aggregate,Aggregate,0.397611575,0.429940532,0.172447893,"1,000",,,,,,,,,,,,,,,,,
,Estonia,2014,Aggregate,Aggregate,0.467155475,0.324808751,0.208035774,"1,000",,,,,,,,,,,,,,,,,
,Estonia,2013,Aggregate,Aggregate,0.456485915,0.345864506,0.19764958,"1,010",,,,,,,,,,,,,,,,,
,Estonia,2012,Aggregate,Aggregate,0.375574262,0.309941097,0.314484641,"1,004",,,,,,,,,,,,,,,,,
,Estonia,2011,Aggregate,Aggregate,0.463183687,0.295466018,0.241350295,"1,007",,,,,,,,,,,,,,,,,
,Estonia,2008,Aggregate,Aggregate,0.495733935,0.19141964,0.312846425,601,,,,,,,,,,,,,,,,,
,Finland,2025,Aggregate,Aggregate,0.742050074,0.214827432,0.043122494,"1,010",,,,,,,,,,,,,,,,,
,Finland,2024,Aggregate,Aggregate,0.772091377,0.169417802,0.05849082,"1,000",,,,,,,,,,,,,,,,,
,Finland,2023,Aggregate,Aggregate,0.772959693,0.190771521,0.036268786,"1,011",,,,,,,,,,,,,,,,,
,Finland,2022,Aggregate,Aggregate,0.83365487,0.135988742,0.030356388,"1,000",,,,,,,,,,,,,,,,,
,Finland,2021,Aggregate,Aggregate,0.738558371,0.221652619,0.039789009,"1,005",,,,,,,,,,,,,,,,,
,Finland,2020,Aggregate,Aggregate,0.73431684,0.230940525,0.034742635,"1,000",,,,,,,,,,,,,,,,,
,Finland,2019,Aggregate,Aggregate,0.76081491,0.182903836,0.056281254,"1,025",,,,,,,,,,,,,,,,,
,Finland,2018,Aggregate,Aggregate,0.722112171,0.233840275,0.044047554,"1,000",,,,,,,,,,,,,,,,,
,Finland,2017,Aggregate,Aggregate,0.72178249,0.235881101,0.042336409,"1,000",,,,,,,,,,,,,,,,,
,Finland,2016,Aggregate,Aggregate,0.578283967,0.345020688,0.076695345,"1,000",,,,,,,,,,,,,,,,,
,Finland,2015,Aggregate,Aggregate,0.600493556,0.329858112,0.069648332,"1,000",,,,,,,,,,,,,,,,,
,Finland,2014,Aggregate,Aggregate,0.579153495,0.34859657,0.072249935,"1,000",,,,,,,,,,,,,,,,,
,Finland,2013,Aggregate,Aggregate,0.440949623,0.47291354,0.086136838,750,,,,,,,,,,,,,,,,,
,Finland,2012,Aggregate,Aggregate,0.482259685,0.39664848,0.121091836,"1,000",,,,,,,,,,,,,,,,,
,Finland,2011,Aggregate,Aggregate,0.527442459,0.359819116,0.112738425,"1,000",,,,,,,,,,,,,,,,,
,Finland,2010,Aggregate,Aggregate,0.502847289,0.385551975,0.111600735,"1,000",,,,,,,,,,,,,,,,,
,Finland,2008,Aggregate,Aggregate,0.583419821,0.251986584,0.164593595,"1,005",,,,,,,,,,,,,,,,,
,Finland,2006,Aggregate,Aggregate,0.530100838,0.290430836,0.179468326,"1,010",,,,,,,,,,,,,,,,,
,France,2025,Aggregate,Aggregate,0.474606156,0.49731561,0.028078234,"1,003",,,,,,,,,,,,,,,,,
,France,2024,Aggregate,Aggregate,0.532087838,0.432037465,0.035874697,"1,000",,,,,,,,,,,,,,,,,
,France,2023,Aggregate,Aggregate,0.540239487,0.410573933,0.04918658,"1,000",,,,,,,,,,,,,,,,,
,France,2022,Aggregate,Aggregate,0.538929685,0.388546992,0.072523323,"1,000",,,,,,,,,,,,,,,,,
,France,2021,Aggregate,Aggregate,0.481408657,0.451591526,0.066999817,"1,000",,,,,,,,,,,,,,,,,
,France,2020,Aggregate,Aggregate,0.488851436,0.462707186,0.048441378,"1,000",,,,,,,,,,,,,,,,,
,France,2019,Aggregate,Aggregate,0.466669578,0.465256231,0.068074191,"1,025",,,,,,,,,,,,,,,,,
,France,2018,Aggregate,Aggregate,0.411873057,0.53271125,0.055415693,"1,000",,,,,,,,,,,,,,,,,
,France,2017,Aggregate,Aggregate,0.393893918,0.557867907,0.048238174,"1,000",,,,,,,,,,,,,,,,,
,France,2016,Aggregate,Aggregate,0.391943806,0.553978143,0.054078051,"1,000",,,,,,,,,,,,,,,,,
,France,2015,Aggregate,Aggregate,0.475879593,0.442393493,0.081726913,"1,000",,,,,,,,,,,,,,,,,
,France,2014,Aggregate,Aggregate,0.42315732,0.431075257,0.145767423,"1,000",,,,,,,,,,,,,,,,,
,France,2013,Aggregate,Aggregate,0.376633792,0.36082039,0.262545818,751,,,,,,,,,,,,,,,,,
,France,2012,Aggregate,Aggregate,0.404154952,0.344357753,0.251487295,"2,005",,,,,,,,,,,,,,,,,
,France,2011,Aggregate,Aggregate,0.501337072,0.326178999,0.172483929,"1,001",,,,,,,,,,,,,,,,,
,France,2010,Aggregate,Aggregate,0.450818672,0.375052281,0.174129047,"1,004",,,,,,,,,,,,,,,,,
,France,2009,Aggregate,Aggregate,0.426513139,0.237026581,0.336460281,"1,000",,,,,,,,,,,,,,,,,
,France,2008,Aggregate,Aggregate,0.434109493,0.285789497,0.280101009,"1,006",,,,,,,,,,,,,,,,,
,Germany,2025,Aggregate,Aggregate,0.698544131,0.290707795,0.010748074,"1,089",,,,,,,,,,,,,,,,,
,Germany,2024,Aggregate,Aggregate,0.707845843,0.267934086,0.024220071,"1,000",,,,,,,,,,,,,,,,,
,Germany,2023,Aggregate,Aggregate,0.674690709,0.310472829,0.014836462,"1,001",,,,,,,,,,,,,,,,,
,Germany,2022,Aggregate,Aggregate,0.724248992,0.213480481,0.062270527,"1,002",,,,,,,,,,,,,,,,,
,Germany,2021,Aggregate,Aggregate,0.607970818,0.375384117,0.016645065,"1,000",,,,,,,,,,,,,,,,,
,Germany,2020,Aggregate,Aggregate,0.671903273,0.281096988,0.046999739,"1,000",,,,,,,,,,,,,,,,,
,Germany,2019,Aggregate,Aggregate,0.660268617,0.267567093,0.072164291,"1,025",,,,,,,,,,,,,,,,,
,Germany,2018,Aggregate,Aggregate,0.620784957,0.319647752,0.059567291,"1,000",,,,,,,,,,,,,,,,,
,Germany,2017,Aggregate,Aggregate,0.614123816,0.321747424,0.06412876,"1,000",,,,,,,,,,,,,,,,,
,Germany,2016,Aggregate,Aggregate,0.566164516,0.377311864,0.056523621,"1,000",,,,,,,,,,,,,,,,,
,Germany,2015,Aggregate,Aggregate,0.630148167,0.325412432,0.044439401,"1,000",,,,,,,,,,,,,,,,,
,Germany,2014,Aggregate,Aggregate,0.692605162,0.250262507,0.057132331,"1,002",,,,,,,,,,,,,,,,,
,Germany,2013,Aggregate,Aggregate,0.586554356,0.327629775,0.085815869,751,,,,,,,,,,,,,,,,,
,Germany,2012,Aggregate,Aggregate,0.585024708,0.257146418,0.157828874,"2,843",,,,,,,,,,,,,,,,,
,Germany,2011,Aggregate,Aggregate,0.484519483,0.355456533,0.160023985,"1,174",,,,,,,,,,,,,,,,,
,Germany,2010,Aggregate,Aggregate,0.536175739,0.376487229,0.087337032,"1,007",,,,,,,,,,,,,,,,,
,Germany,2009,Aggregate,Aggregate,0.603204989,0.270170513,0.126624498,"1,002",,,,,,,,,,,,,,,,,
,Germany,2008,Aggregate,Aggregate,0.559927195,0.279016521,0.161056284,"2,011",,,,,,,,,,,,,,,,,
,Greece,2025,Aggregate,Aggregate,0.339600892,0.587927168,0.07247194,"1,000",,,,,,,,,,,,,,,,,
,Greece,2024,Aggregate,Aggregate,0.357487195,0.572584544,0.069928261,"1,004",,,,,,,,,,,,,,,,,
,Greece,2023,Aggregate,Aggregate,0.436260592,0.513277159,0.05046225,"1,006",,,,,,,,,,,,,,,,,
,Greece,2022,Aggregate,Aggregate,0.263970293,0.620449518,0.115580189,"1,000",,,,,,,,,,,,,,,,,
,Greece,2021,Aggregate,Aggregate,0.45102388,0.499759243,0.049216877,"1,006",,,,,,,,,,,,,,,,,
,Greece,2020,Aggregate,Aggregate,0.375477793,0.545220485,0.079301722,"1,002",,,,,,,,,,,,,,,,,
,Greece,2019,Aggregate,Aggregate,0.338191806,0.576889905,0.084918289,"1,080",,,,,,,,,,,,,,,,,
,Greece,2018,Aggregate,Aggregate,0.261923928,0.604033329,0.134042743,"1,000",,,,,,,,,,,,,,,,,
,Greece,2017,Aggregate,Aggregate,0.197141796,0.64999766,0.152860544,"1,000",,,,,,,,,,,,,,,,,
,Greece,2016,Aggregate,Aggregate,0.181036114,0.720750557,0.09821333,"1,000",,,,,,,,,,,,,,,,,
,Greece,2015,Aggregate,Aggregate,0.234670227,0.639970301,0.125359472,"1,000",,,,,,,,,,,,,,,,,
,Greece,2014,Aggregate,Aggregate,0.227718908,0.596114597,0.176166494,"1,000",,,,,,,,,,,,,,,,,
,Greece,2013,Aggregate,Aggregate,0.185099911,0.671404712,0.143495378,"1,003",,,,,,,,,,,,,,,,,
,Greece,2012,Aggregate,Aggregate,0.200025575,0.661032798,0.138941627,"1,000",,,,,,,,,,,,,,,,,
,Greece,2011,Aggregate,Aggregate,0.284162151,0.584196758,0.131641091,"1,000",,,,,,,,,,,,,,,,,
,Greece,2010,Aggregate,Aggregate,0.317237382,0.50125532,0.181507298,"1,000",,,,,,,,,,,,,,,,,
,Greece,2009,Aggregate,Aggregate,0.599216612,0.201954551,0.198828836,"1,000",,,,,,,,,,,,,,,,,
,Hungary,2025,Aggregate,Aggregate,0.419115845,0.47856078,0.102323374,"1,011",,,,,,,,,,,,,,,,,
,Hungary,2024,Aggregate,Aggregate,0.441986703,0.440165352,0.117847946,"1,006",,,,,,,,,,,,,,,,,
,Hungary,2023,Aggregate,Aggregate,0.429943447,0.391793575,0.178262977,"1,006",,,,,,,,,,,,,,,,,
,Hungary,2022,Aggregate,Aggregate,0.436150339,0.417098738,0.146750923,"1,009",,,,,,,,,,,,,,,,,
,Hungary,2021,Aggregate,Aggregate,0.520097283,0.318774736,0.161127981,"1,000",,,,,,,,,,,,,,,,,
,Hungary,2020,Aggregate,Aggregate,0.518984811,0.301381005,0.179634184,"1,001",,,,,,,,,,,,,,,,,
,Hungary,2019,Aggregate,Aggregate,0.393074177,0.383356977,0.223568846,"1,080",,,,,,,,,,,,,,,,,
,Hungary,2018,Aggregate,Aggregate,0.387434225,0.426086099,0.186479676,"1,000",,,,,,,,,,,,,,,,,
,Hungary,2017,Aggregate,Aggregate,0.467275383,0.397325662,0.135398954,"1,000",,,,,,,,,,,,,,,,,
,Hungary,2016,Aggregate,Aggregate,0.455312308,0.310205075,0.234482617,"1,000",,,,,,,,,,,,,,,,,
,Hungary,2015,Aggregate,Aggregate,0.586965945,0.175459255,0.2375748,"1,000",,,,,,,,,,,,,,,,,
,Hungary,2014,Aggregate,Aggregate,0.457508432,0.263378653,0.279112915,"1,003",,,,,,,,,,,,,,,,,
,Hungary,2013,Aggregate,Aggregate,0.367715749,0.345098705,0.287185546,"1,019",,,,,,,,,,,,,,,,,
,Hungary,2012,Aggregate,Aggregate,0.26090349,0.478845272,0.260251238,"1,004",,,,,,,,,,,,,,,,,
,Hungary,2011,Aggregate,Aggregate,0.412958251,0.340110882,0.246930868,"1,014",,,,,,,,,,,,,,,,,
,Hungary,2010,Aggregate,Aggregate,0.401356419,0.276665138,0.321978443,"1,008",,,,,,,,,,,,,,,,,
,Hungary,2008,Aggregate,Aggregate,0.443147873,0.191769746,0.365082381,"1,008",,,,,,,,,,,,,,,,,
,Ireland,2025,Aggregate,Aggregate,0.709213413,0.273163352,0.017623235,"1,027",,,,,,,,,,,,,,,,,
,Ireland,2024,Aggregate,Aggregate,0.74009503,0.246627697,0.013277274,"1,000",,,,,,,,,,,,,,,,,
,Ireland,2023,Aggregate,Aggregate,0.77497038,0.212112202,0.012917418,"1,002",,,,,,,,,,,,,,,,,
,Ireland,2022,Aggregate,Aggregate,0.744615837,0.232689644,0.022694519,"1,000",,,,,,,,,,,,,,,,,
,Ireland,2021,Aggregate,Aggregate,0.724379457,0.236372035,0.039248509,"1,000",,,,,,,,,,,,,,,,,
,Ireland,2020,Aggregate,Aggregate,0.731268357,0.221114617,0.047617026,"1,000",,,,,,,,,,,,,,,,,
,Ireland,2019,Aggregate,Aggregate,0.686986948,0.251508387,0.061504665,"1,025",,,,,,,,,,,,,,,,,
,Ireland,2018,Aggregate,Aggregate,0.67550852,0.27596022,0.04853126,"1,000",,,,,,,,,,,,,,,,,
,Ireland,2017,Aggregate,Aggregate,0.63901538,0.304420371,0.05656425,"1,000",,,,,,,,,,,,,,,,,
,Ireland,2016,Aggregate,Aggregate,0.624006848,0.335763451,0.040229701,"1,000",,,,,,,,,,,,,,,,,
,Ireland,2015,Aggregate,Aggregate,0.665339502,0.294763686,0.039896812,"1,000",,,,,,,,,,,,,,,,,
,Ireland,2014,Aggregate,Aggregate,0.671477188,0.26388168,0.064641132,"1,000",,,,,,,,,,,,,,,,,
,Ireland,2013,Aggregate,Aggregate,0.47161866,0.42560528,0.10277606,"1,000",,,,,,,,,,,,,,,,,
,Ireland,2012,Aggregate,Aggregate,0.447357181,0.426971739,0.125671079,"1,000",,,,,,,,,,,,,,,,,
,Ireland,2011,Aggregate,Aggregate,0.526832354,0.273134549,0.200033098,"1,000",,,,,,,,,,,,,,,,,
,Ireland,2010,Aggregate,Aggregate,0.532167163,0.231390367,0.23644247,"1,001",,,,,,,,,,,,,,,,,
,Ireland,2009,Aggregate,Aggregate,0.585521338,0.233324346,0.181154316,500,,,,,,,,,,,,,,,,,
,Ireland,2008,Aggregate,Aggregate,0.703080221,0.138552719,0.158367059,"1,001",,,,,,,,,,,,,,,,,
,Ireland,2006,Aggregate,Aggregate,0.577575408,0.092370587,0.330054006,"1,000",,,,,,,,,,,,,,,,,
,Italy,2025,Aggregate,Aggregate,0.508245163,0.477306584,0.014448253,"1,007",,,,,,,,,,,,,,,,,
,Italy,2024,Aggregate,Aggregate,0.58895502,0.390055595,0.020989385,"1,001",,,,,,,,,,,,,,,,,
,Italy,2023,Aggregate,Aggregate,0.549934953,0.389988242,0.060076806,"1,000",,,,,,,,,,,,,,,,,
,Italy,2022,Aggregate,Aggregate,0.558325754,0.430695776,0.01097847,"1,000",,,,,,,,,,,,,,,,,
,Italy,2021,Aggregate,Aggregate,0.512646091,0.46471568,0.022638228,"1,000",,,,,,,,,,,,,,,,,
,Italy,2020,Aggregate,Aggregate,0.603059967,0.378385352,0.01855468,"1,000",,,,,,,,,,,,,,,,,
,Italy,2019,Aggregate,Aggregate,0.4825324,0.470550003,0.046917598,"1,025",,,,,,,,,,,,,,,,,
,Italy,2018,Aggregate,Aggregate,0.398182676,0.572610608,0.029206716,"1,000",,,,,,,,,,,,,,,,,
,Italy,2017,Aggregate,Aggregate,0.362458628,0.603950077,0.033591295,"1,000",,,,,,,,,,,,,,,,,
,Italy,2016,Aggregate,Aggregate,0.339667172,0.631516885,0.028815943,"1,000",,,,,,,,,,,,,,,,,
,Italy,2015,Aggregate,Aggregate,0.403519206,0.574704518,0.021776276,"1,000",,,,,,,,,,,,,,,,,
,Italy,2014,Aggregate,Aggregate,0.425653547,0.517844576,0.056501877,"1,000",,,,,,,,,,,,,,,,,
,Italy,2013,Aggregate,Aggregate,0.431459796,0.394840875,0.173699328,"1,004",,,,,,,,,,,,,,,,,
,Italy,2012,Aggregate,Aggregate,0.397063818,0.319705574,0.283230608,"2,007",,,,,,,,,,,,,,,,,
,Italy,2011,Aggregate,Aggregate,0.462280715,0.221978246,0.315741039,"1,005",,,,,,,,,,,,,,,,,
,Italy,2010,Aggregate,Aggregate,0.457296871,0.159889277,0.382813852,"1,000",,,,,,,,,,,,,,,,,
,Italy,2009,Aggregate,Aggregate,0.326170888,0.100398568,0.573430544,"1,005",,,,,,,,,,,,,,,,,
,Italy,2008,Aggregate,Aggregate,0.34046081,0.154191856,0.505347334,"1,008",,,,,,,,,,,,,,,,,
,Latvia,2025,Aggregate,Aggregate,0.590809739,0.206266202,0.20292406,"1,001",,,,,,,,,,,,,,,,,
,Latvia,2024,Aggregate,Aggregate,0.600918036,0.206053647,0.193028317,"1,001",,,,,,,,,,,,,,,,,
,Latvia,2023,Aggregate,Aggregate,0.644717357,0.220142548,0.135140094,"1,001",,,,,,,,,,,,,,,,,
,Latvia,2022,Aggregate,Aggregate,0.618887887,0.180575158,0.200536955,"1,014",,,,,,,,,,,,,,,,,
,Latvia,2021,Aggregate,Aggregate,0.484224338,0.208955895,0.306819767,"1,017",,,,,,,,,,,,,,,,,
,Latvia,2020,Aggregate,Aggregate,0.612376087,0.243887255,0.143736659,"1,001",,,,,,,,,,,,,,,,,
,Latvia,2019,Aggregate,Aggregate,0.628402194,0.201450268,0.170147538,"1,080",,,,,,,,,,,,,,,,,
,Latvia,2018,Aggregate,Aggregate,0.508042421,0.295636626,0.196320953,"1,021",,,,,,,,,,,,,,,,,
,Latvia,2017,Aggregate,Aggregate,0.509686308,0.293431265,0.196882427,"1,002",,,,,,,,,,,,,,,,,
,Latvia,2016,Aggregate,Aggregate,0.431701421,0.381812084,0.186486495,"1,019",,,,,,,,,,,,,,,,,
,Latvia,2015,Aggregate,Aggregate,0.417471933,0.327197307,0.25533076,"1,001",,,,,,,,,,,,,,,,,
,Latvia,2014,Aggregate,Aggregate,0.424861466,0.33026205,0.244876484,"1,002",,,,,,,,,,,,,,,,,
,Latvia,2013,Aggregate,Aggregate,0.461524892,0.331664356,0.206810751,"1,000",,,,,,,,,,,,,,,,,
,Latvia,2012,Aggregate,Aggregate,0.37554288,0.321551765,0.302905355,"1,001",,,,,,,,,,,,,,,,,
,Latvia,2011,Aggregate,Aggregate,0.341998212,0.336339551,0.321662237,"1,006",,,,,,,,,,,,,,,,,
,Latvia,2008,Aggregate,Aggregate,0.395754172,0.262030388,0.34221544,513,,,,,,,,,,,,,,,,,
,Lithuania,2025,Aggregate,Aggregate,0.735008009,0.184371998,0.080619993,"1,003",,,,,,,,,,,,,,,,,
,Lithuania,2024,Aggregate,Aggregate,0.611625341,0.185044178,0.203330481,"1,012",,,,,,,,,,,,,,,,,
,Lithuania,2023,Aggregate,Aggregate,0.643652484,0.162627955,0.193719561,"1,000",,,,,,,,,,,,,,,,,
,Lithuania,2022,Aggregate,Aggregate,0.432395248,0.181599361,0.386005391,"1,000",,,,,,,,,,,,,,,,,
,Lithuania,2021,Aggregate,Aggregate,0.419160751,0.16711238,0.413726869,"1,009",,,,,,,,,,,,,,,,,
,Lithuania,2020,Aggregate,Aggregate,0.630168533,0.10452916,0.265302307,"1,002",,,,,,,,,,,,,,,,,
,Lithuania,2018,Aggregate,Aggregate,0.539541915,0.20545069,0.255007395,"1,000",,,,,,,,,,,,,,,,,
,Lithuania,2017,Aggregate,Aggregate,0.582945543,0.209208752,0.207845705,"1,000",,,,,,,,,,,,,,,,,
,Lithuania,2016,Aggregate,Aggregate,0.517300809,0.265086508,0.217612682,"1,000",,,,,,,,,,,,,,,,,
,Lithuania,2015,Aggregate,Aggregate,0.589282559,0.220368864,0.190348578,"1,000",,,,,,,,,,,,,,,,,
,Lithuania,2014,Aggregate,Aggregate,0.549505891,0.220826163,0.229667946,"1,000",,,,,,,,,,,,,,,,,
,Lithuania,2013,Aggregate,Aggregate,0.470808405,0.2605676,0.268623995,"1,000",,,,,,,,,,,,,,,,,
,Lithuania,2012,Aggregate,Aggregate,0.451306053,0.258389886,0.290304061,"1,000",,,,,,,,,,,,,,,,,
,Lithuania,2011,Aggregate,Aggregate,0.531151854,0.203718618,0.265129528,"1,000",,,,,,,,,,,,,,,,,
,Lithuania,2010,Aggregate,Aggregate,0.494619014,0.170582382,0.334798604,"1,001",,,,,,,,,,,,,,,,,
,Lithuania,2008,Aggregate,Aggregate,0.437545398,0.151219724,0.411234878,506,,,,,,,,,,,,,,,,,
,Luxembourg,2025,Aggregate,Aggregate,0.714662073,0.26893141,0.016406517,"1,006",,,,,,,,,,,,,,,,,
,Luxembourg,2023,Aggregate,Aggregate,0.700112509,0.264444453,0.035443038,"1,000",,,,,,,,,,,,,,,,,
,Luxembourg,2022,Aggregate,Aggregate,0.731410833,0.242183663,0.026405504,"1,000",,,,,,,,,,,,,,,,,
,Luxembourg,2019,Aggregate,Aggregate,0.678896449,0.261774227,0.059329324,"1,025",,,,,,,,,,,,,,,,,
,Luxembourg,2018,Aggregate,Aggregate,0.67284731,0.25780344,0.06934925,"1,000",,,,,,,,,,,,,,,,,
,Luxembourg,2017,Aggregate,Aggregate,0.656778344,0.294603667,0.048617989,"1,000",,,,,,,,,,,,,,,,,
,Luxembourg,2016,Aggregate,Aggregate,0.637837789,0.310042178,0.052120033,"1,000",,,,,,,,,,,,,,,,,
,Luxembourg,2015,Aggregate,Aggregate,0.65970714,0.286640828,0.053652031,"1,000",,,,,,,,,,,,,,,,,
,Luxembourg,2014,Aggregate,Aggregate,0.641453955,0.302714224,0.055831821,"1,000",,,,,,,,,,,,,,,,,
,Luxembourg,2013,Aggregate,Aggregate,0.67025041,0.211013564,0.118736026,500,,,,,,,,,,,,,,,,,
,Luxembourg,2012,Aggregate,Aggregate,0.586470707,0.26138333,0.152145963,"1,001",,,,,,,,,,,,,,,,,
,Luxembourg,2011,Aggregate,Aggregate,0.635762868,0.216866167,0.147370965,"1,000",,,,,,,,,,,,,,,,,
,Luxembourg,2010,Aggregate,Aggregate,0.595785302,0.279584482,0.124630215,"1,002",,,,,,,,,,,,,,,,,
,Luxembourg,2008,Aggregate,Aggregate,0.744670644,0.123159746,0.13216961,500,,,,,,,,,,,,,,,,,
,Malta,2025,Aggregate,Aggregate,0.652752563,0.324175743,0.023071694,"1,002",,,,,,,,,,,,,,,,,
,Malta,2024,Aggregate,Aggregate,0.652732713,0.307113192,0.040154095,"1,006",,,,,,,,,,,,,,,,,
,Malta,2023,Aggregate,Aggregate,0.709367837,0.254258486,0.036373678,"1,002",,,,,,,,,,,,,,,,,
,Malta,2022,Aggregate,Aggregate,0.731648706,0.216328644,0.05202265,"1,002",,,,,,,,,,,,,,,,,
,Malta,2021,Aggregate,Aggregate,0.727057251,0.229790258,0.04315249,"1,001",,,,,,,,,,,,,,,,,
,Malta,2020,Aggregate,Aggregate,0.633180196,0.328960344,0.037859461,"1,001",,,,,,,,,,,,,,,,,
,Malta,2019,Aggregate,Aggregate,0.74111383,0.185292893,0.073593276,"1,027",,,,,,,,,,,,,,,,,
,Malta,2018,Aggregate,Aggregate,0.716004614,0.21239559,0.071599796,"1,010",,,,,,,,,,,,,,,,,
,Malta,2017,Aggregate,Aggregate,0.767021868,0.173684149,0.059293983,"1,004",,,,,,,,,,,,,,,,,
,Malta,2016,Aggregate,Aggregate,0.723770395,0.194919475,0.08131013,"1,011",,,,,,,,,,,,,,,,,
,Malta,2015,Aggregate,Aggregate,0.703867575,0.219450078,0.076682347,"1,002",,,,,,,,,,,,,,,,,
,Malta,2014,Aggregate,Aggregate,0.690845197,0.251628468,0.057526336,"1,012",,,,,,,,,,,,,,,,,
,Netherlands (Kingdom of the),2025,Aggregate,Aggregate,0.63510092,0.298642463,0.066256617,"1,005",,,,,,,,,,,,,,,,,
,Netherlands (Kingdom of the),2024,Aggregate,Aggregate,0.638446494,0.337299046,0.02425446,"1,004",,,,,,,,,,,,,,,,,
,Netherlands (Kingdom of the),2023,Aggregate,Aggregate,0.613004943,0.371125158,0.015869898,"1,016",,,,,,,,,,,,,,,,,
,Netherlands (Kingdom of the),2022,Aggregate,Aggregate,0.635217767,0.327078804,0.037703429,"1,006",,,,,,,,,,,,,,,,,
,Netherlands (Kingdom of the),2021,Aggregate,Aggregate,0.66256834,0.326924405,0.010507255,"1,000",,,,,,,,,,,,,,,,,
,Netherlands (Kingdom of the),2020,Aggregate,Aggregate,0.630753689,0.339916804,0.029329507,"1,006",,,,,,,,,,,,,,,,,
,Netherlands (Kingdom of the),2019,Aggregate,Aggregate,0.621593115,0.356654902,0.021751983,"1,029",,,,,,,,,,,,,,,,,
,Netherlands (Kingdom of the),2018,Aggregate,Aggregate,0.639678091,0.344953406,0.015368503,"1,002",,,,,,,,,,,,,,,,,
,Netherlands (Kingdom of the),2017,Aggregate,Aggregate,0.657749659,0.308746057,0.033504284,"1,001",,,,,,,,,,,,,,,,,
,Netherlands (Kingdom of the),2016,Aggregate,Aggregate,0.560680081,0.40001116,0.039308759,"1,000",,,,,,,,,,,,,,,,,
,Netherlands (Kingdom of the),2015,Aggregate,Aggregate,0.543167618,0.428468596,0.028363786,"1,003",,,,,,,,,,,,,,,,,
,Netherlands (Kingdom of the),2014,Aggregate,Aggregate,0.561655099,0.385625822,0.052719079,"1,000",,,,,,,,,,,,,,,,,
,Netherlands (Kingdom of the),2013,Aggregate,Aggregate,0.484707177,0.413531827,0.101760996,751,,,,,,,,,,,,,,,,,
,Netherlands (Kingdom of the),2012,Aggregate,Aggregate,0.45901539,0.384755319,0.156229291,"1,000",,,,,,,,,,,,,,,,,
,Netherlands (Kingdom of the),2011,Aggregate,Aggregate,0.555659983,0.281861091,0.162478926,"1,000",,,,,,,,,,,,,,,,,
,Netherlands (Kingdom of the),2010,Aggregate,Aggregate,0.565807851,0.285768059,0.14842409,"1,001",,,,,,,,,,,,,,,,,
,Netherlands (Kingdom of the),2008,Aggregate,Aggregate,0.586221542,0.283911343,0.129867115,"1,000",,,,,,,,,,,,,,,,,
,Poland,2025,Aggregate,Aggregate,0.647600888,0.27006534,0.082333772,"1,005",,,,,,,,,,,,,,,,,
,Poland,2024,Aggregate,Aggregate,0.680043592,0.250103236,0.069853172,"1,000",,,,,,,,,,,,,,,,,
,Poland,2023,Aggregate,Aggregate,0.680245785,0.203163379,0.116590836,"1,002",,,,,,,,,,,,,,,,,
,Poland,2022,Aggregate,Aggregate,0.709416752,0.189774898,0.10080835,"1,000",,,,,,,,,,,,,,,,,
,Poland,2021,Aggregate,Aggregate,0.652272911,0.283372567,0.064354523,"1,001",,,,,,,,,,,,,,,,,
,Poland,2020,Aggregate,Aggregate,0.562210352,0.312775465,0.125014183,"1,010",,,,,,,,,,,,,,,,,
,Poland,2019,Aggregate,Aggregate,0.695587214,0.17234311,0.132069675,"1,080",,,,,,,,,,,,,,,,,
,Poland,2018,Aggregate,Aggregate,0.614188195,0.246234365,0.139577439,"1,000",,,,,,,,,,,,,,,,,
,Poland,2017,Aggregate,Aggregate,0.570305224,0.281269281,0.148425495,"1,000",,,,,,,,,,,,,,,,,
,Poland,2016,Aggregate,Aggregate,0.553445371,0.231748639,0.214805991,"1,000",,,,,,,,,,,,,,,,,
,Poland,2015,Aggregate,Aggregate,0.550270654,0.243052523,0.206676823,"1,000",,,,,,,,,,,,,,,,,
,Poland,2014,Aggregate,Aggregate,0.559399126,0.262995225,0.177605649,"1,000",,,,,,,,,,,,,,,,,
,Poland,2013,Aggregate,Aggregate,0.463449797,0.216508487,0.320041716,"1,000",,,,,,,,,,,,,,,,,
,Poland,2012,Aggregate,Aggregate,0.454122064,0.252962913,0.292915023,"1,000",,,,,,,,,,,,,,,,,
,Poland,2011,Aggregate,Aggregate,0.53819582,0.176093419,0.285710761,"1,029",,,,,,,,,,,,,,,,,
,Poland,2010,Aggregate,Aggregate,0.549467433,0.157172012,0.293360555,"1,000",,,,,,,,,,,,,,,,,
,Poland,2009,Aggregate,Aggregate,0.486712136,0.101397286,0.411890579,"1,000",,,,,,,,,,,,,,,,,
,Poland,2008,Aggregate,Aggregate,0.453073504,0.119938239,0.426988257,"1,000",,,,,,,,,,,,,,,,,
,Portugal,2025,Aggregate,Aggregate,0.718622283,0.1797952,0.101582518,"1,001",,,,,,,,,,,,,,,,,
,Portugal,2024,Aggregate,Aggregate,0.755420258,0.134470811,0.110108931,"1,001",,,,,,,,,,,,,,,,,
,Portugal,2023,Aggregate,Aggregate,0.741739766,0.135662795,0.12259744,"1,003",,,,,,,,,,,,,,,,,
,Portugal,2022,Aggregate,Aggregate,0.788321409,0.097028876,0.114649715,"1,002",,,,,,,,,,,,,,,,,
,Portugal,2021,Aggregate,Aggregate,0.790512601,0.135228781,0.074258618,"1,002",,,,,,,,,,,,,,,,,
,Portugal,2020,Aggregate,Aggregate,0.645561783,0.213987337,0.14045088,"1,002",,,,,,,,,,,,,,,,,
,Portugal,2019,Aggregate,Aggregate,0.619818516,0.248612053,0.131569431,"1,026",,,,,,,,,,,,,,,,,
,Portugal,2018,Aggregate,Aggregate,0.684095498,0.223912224,0.091992278,"1,003",,,,,,,,,,,,,,,,,
,Portugal,2017,Aggregate,Aggregate,0.595522466,0.23077509,0.173702444,"1,000",,,,,,,,,,,,,,,,,
,Portugal,2016,Aggregate,Aggregate,0.484579383,0.369945541,0.145475076,"1,008",,,,,,,,,,,,,,,,,
,Portugal,2015,Aggregate,Aggregate,0.39205746,0.364310461,0.24363208,"1,021",,,,,,,,,,,,,,,,,
,Portugal,2014,Aggregate,Aggregate,0.454125861,0.387884606,0.157989533,"1,007",,,,,,,,,,,,,,,,,
,Portugal,2013,Aggregate,Aggregate,0.310851802,0.418644405,0.270503793,"1,001",,,,,,,,,,,,,,,,,
,Portugal,2012,Aggregate,Aggregate,0.278463967,0.290644027,0.430892006,"1,001",,,,,,,,,,,,,,,,,
,Portugal,2011,Aggregate,Aggregate,0.399716011,0.16224952,0.438034469,"1,000",,,,,,,,,,,,,,,,,
,Portugal,2010,Aggregate,Aggregate,0.401162488,0.123263637,0.475573875,"1,002",,,,,,,,,,,,,,,,,
,Portugal,2009,Aggregate,Aggregate,0.45901858,0.066808418,0.474173002,"1,000",,,,,,,,,,,,,,,,,
,Portugal,2008,Aggregate,Aggregate,0.341314877,0.099485237,0.559199886,"1,002",,,,,,,,,,,,,,,,,
,Portugal,2006,Aggregate,Aggregate,0.403794588,0.101304319,0.494901093,"1,007",,,,,,,,,,,,,,,,,
,Romania,2025,Aggregate,Aggregate,0.462265343,0.35880634,0.178928317,"1,000",,,,,,,,,,,,,,,,,
,Romania,2024,Aggregate,Aggregate,0.507411634,0.327376387,0.16521198,"1,000",,,,,,,,,,,,,,,,,
,Romania,2023,Aggregate,Aggregate,0.514176433,0.298081336,0.187742232,"1,000",,,,,,,,,,,,,,,,,
,Romania,2022,Aggregate,Aggregate,0.561318301,0.311437557,0.127244141,"1,000",,,,,,,,,,,,,,,,,
,Romania,2021,Aggregate,Aggregate,0.480719383,0.24726587,0.272014747,"1,009",,,,,,,,,,,,,,,,,
,Romania,2020,Aggregate,Aggregate,0.509199279,0.270493561,0.22030716,"1,000",,,,,,,,,,,,,,,,,
,Romania,2019,Aggregate,Aggregate,0.542979867,0.213805522,0.243214611,"1,080",,,,,,,,,,,,,,,,,
,Romania,2018,Aggregate,Aggregate,0.587507703,0.213915631,0.198576666,"1,002",,,,,,,,,,,,,,,,,
,Romania,2017,Aggregate,Aggregate,0.562163729,0.257818905,0.180017366,"1,001",,,,,,,,,,,,,,,,,
,Romania,2016,Aggregate,Aggregate,0.511560117,0.301809231,0.186630653,"1,001",,,,,,,,,,,,,,,,,
,Romania,2015,Aggregate,Aggregate,0.56451332,0.21629981,0.21918687,"1,001",,,,,,,,,,,,,,,,,
,Romania,2014,Aggregate,Aggregate,0.526258202,0.211134593,0.262607205,998,,,,,,,,,,,,,,,,,
,Romania,2013,Aggregate,Aggregate,0.460271445,0.229014209,0.310714346,"1,000",,,,,,,,,,,,,,,,,
,Romania,2012,Aggregate,Aggregate,0.388748231,0.176404485,0.434847284,"1,000",,,,,,,,,,,,,,,,,
,Romania,2011,Aggregate,Aggregate,0.429216276,0.204567747,0.366215978,"1,008",,,,,,,,,,,,,,,,,
,Romania,2010,Aggregate,Aggregate,0.383396299,0.17924673,0.437356971,"1,000",,,,,,,,,,,,,,,,,
,Romania,2009,Aggregate,Aggregate,0.421364951,0.130946701,0.447688348,"1,000",,,,,,,,,,,,,,,,,
,Slovakia,2025,Aggregate,Aggregate,0.442880155,0.455812245,0.1013076,"1,001",,,,,,,,,,,,,,,,,
,Slovakia,2024,Aggregate,Aggregate,0.473470154,0.42677866,0.099751187,"1,001",,,,,,,,,,,,,,,,,
,Slovakia,2023,Aggregate,Aggregate,0.419370821,0.517929282,0.062699897,"1,001",,,,,,,,,,,,,,,,,
,Slovakia,2022,Aggregate,Aggregate,0.440918056,0.47788878,0.081193163,"1,001",,,,,,,,,,,,,,,,,
,Slovakia,2021,Aggregate,Aggregate,0.530208295,0.40704916,0.062742545,"1,003",,,,,,,,,,,,,,,,,
,Slovakia,2020,Aggregate,Aggregate,0.557097325,0.362206504,0.080696171,"1,001",,,,,,,,,,,,,,,,,
,Slovakia,2019,Aggregate,Aggregate,0.429064725,0.460587891,0.110347384,"1,080",,,,,,,,,,,,,,,,,
,Slovakia,2018,Aggregate,Aggregate,0.385485671,0.512654919,0.10185941,"1,000",,,,,,,,,,,,,,,,,
,Slovakia,2017,Aggregate,Aggregate,0.405657213,0.460568146,0.133774642,"1,000",,,,,,,,,,,,,,,,,
,Slovakia,2016,Aggregate,Aggregate,0.34642063,0.450681386,0.202897984,"1,000",,,,,,,,,,,,,,,,,
,Slovakia,2015,Aggregate,Aggregate,0.362753415,0.391901067,0.245345518,"1,000",,,,,,,,,,,,,,,,,
,Slovakia,2014,Aggregate,Aggregate,0.410722115,0.343701546,0.245576339,"1,000",,,,,,,,,,,,,,,,,
,Slovakia,2013,Aggregate,Aggregate,0.401348245,0.365075747,0.233576008,"1,004",,,,,,,,,,,,,,,,,
,Slovakia,2012,Aggregate,Aggregate,0.348891005,0.368862163,0.282246832,"1,007",,,,,,,,,,,,,,,,,
,Slovakia,2011,Aggregate,Aggregate,0.50185802,0.267522437,0.230619543,"1,012",,,,,,,,,,,,,,,,,
,Slovakia,2010,Aggregate,Aggregate,0.471913623,0.204592817,0.323493561,"1,007",,,,,,,,,,,,,,,,,
,Slovakia,2006,Aggregate,Aggregate,0.324968636,0.561886898,0.113144466,"1,018",,,,,,,,,,,,,,,,,
,Slovenia,2025,Aggregate,Aggregate,0.515774758,0.425093134,0.059132108,"1,030",,,,,,,,,,,,,,,,,
,Slovenia,2024,Aggregate,Aggregate,0.551496931,0.390318758,0.05818431,"1,001",,,,,,,,,,,,,,,,,
,Slovenia,2023,Aggregate,Aggregate,0.651550388,0.292122328,0.056327284,"1,000",,,,,,,,,,,,,,,,,
,Slovenia,2022,Aggregate,Aggregate,0.666779474,0.277646614,0.055573912,"1,030",,,,,,,,,,,,,,,,,
,Slovenia,2021,Aggregate,Aggregate,0.636461058,0.319549266,0.043989676,"1,001",,,,,,,,,,,,,,,,,
,Slovenia,2020,Aggregate,Aggregate,0.649469309,0.292714014,0.057816677,"1,001",,,,,,,,,,,,,,,,,
,Slovenia,2019,Aggregate,Aggregate,0.607772574,0.356746203,0.035481222,"1,025",,,,,,,,,,,,,,,,,
,Slovenia,2018,Aggregate,Aggregate,0.553423162,0.423832391,0.022744447,"1,000",,,,,,,,,,,,,,,,,
,Slovenia,2017,Aggregate,Aggregate,0.508706305,0.458588892,0.032704802,"1,000",,,,,,,,,,,,,,,,,
,Slovenia,2016,Aggregate,Aggregate,0.444755913,0.527458707,0.02778538,"1,000",,,,,,,,,,,,,,,,,
,Slovenia,2015,Aggregate,Aggregate,0.512204646,0.37715017,0.110645184,"1,002",,,,,,,,,,,,,,,,,
,Slovenia,2014,Aggregate,Aggregate,0.515411175,0.383356342,0.101232484,"1,017",,,,,,,,,,,,,,,,,
,Slovenia,2013,Aggregate,Aggregate,0.383501954,0.515773538,0.100724509,"1,001",,,,,,,,,,,,,,,,,
,Slovenia,2012,Aggregate,Aggregate,0.487291443,0.386849882,0.125858675,"1,000",,,,,,,,,,,,,,,,,
,Slovenia,2011,Aggregate,Aggregate,0.484085261,0.340594765,0.175319973,"1,001",,,,,,,,,,,,,,,,,
,Slovenia,2010,Aggregate,Aggregate,0.517284468,0.309654043,0.173061488,"1,002",,,,,,,,,,,,,,,,,
,Slovenia,2009,Aggregate,Aggregate,0.633985187,0.212581889,0.153432924,500,,,,,,,,,,,,,,,,,
,Slovenia,2006,Aggregate,Aggregate,0.692644624,0.104433756,0.20292162,"1,009",,,,,,,,,,,,,,,,,
,Spain,2025,Aggregate,Aggregate,0.604157872,0.376655415,0.019186713,"1,016",,,,,,,,,,,,,,,,,
,Spain,2024,Aggregate,Aggregate,0.674710824,0.323068615,0.002220561,"1,000",,,,,,,,,,,,,,,,,
,Spain,2023,Aggregate,Aggregate,0.709110643,0.284155056,0.006734301,"1,002",,,,,,,,,,,,,,,,,
,Spain,2022,Aggregate,Aggregate,0.645736906,0.344391951,0.009871142,"1,000",,,,,,,,,,,,,,,,,
,Spain,2021,Aggregate,Aggregate,0.619287778,0.365737979,0.014974243,"1,000",,,,,,,,,,,,,,,,,
,Spain,2020,Aggregate,Aggregate,0.661903087,0.313985107,0.024111806,"1,000",,,,,,,,,,,,,,,,,
,Spain,2019,Aggregate,Aggregate,0.616703124,0.334233087,0.049063789,"1,025",,,,,,,,,,,,,,,,,
,Spain,2018,Aggregate,Aggregate,0.55825805,0.406906111,0.034835839,"1,000",,,,,,,,,,,,,,,,,
,Spain,2017,Aggregate,Aggregate,0.537354645,0.424824848,0.037820508,"1,000",,,,,,,,,,,,,,,,,
,Spain,2016,Aggregate,Aggregate,0.52733639,0.424729253,0.047934356,"1,000",,,,,,,,,,,,,,,,,
,Spain,2015,Aggregate,Aggregate,0.552737762,0.42998641,0.017275829,"1,000",,,,,,,,,,,,,,,,,
,Spain,2014,Aggregate,Aggregate,0.467693086,0.466510486,0.065796428,"1,000",,,,,,,,,,,,,,,,,
,Spain,2013,Aggregate,Aggregate,0.271073921,0.508407287,0.220518792,"1,004",,,,,,,,,,,,,,,,,
,Spain,2012,Aggregate,Aggregate,0.410933939,0.38800922,0.20105684,"2,003",,,,,,,,,,,,,,,,,
,Spain,2011,Aggregate,Aggregate,0.533200832,0.24094182,0.225857349,"1,006",,,,,,,,,,,,,,,,,
,Spain,2010,Aggregate,Aggregate,0.547894485,0.239367599,0.212737916,"1,000",,,,,,,,,,,,,,,,,
,Spain,2009,Aggregate,Aggregate,0.47206699,0.181350966,0.346582044,"1,005",,,,,,,,,,,,,,,,,
,Spain,2008,Aggregate,Aggregate,0.587428204,0.104155581,0.308416214,"1,009",,,,,,,,,,,,,,,,,
,Sweden,2025,Aggregate,Aggregate,0.726311361,0.232863325,0.040825314,"1,001",,,,,,,,,,,,,,,,,
,Sweden,2024,Aggregate,Aggregate,0.734317853,0.245257955,0.020424192,"1,004",,,,,,,,,,,,,,,,,
,Sweden,2023,Aggregate,Aggregate,0.699700376,0.282934773,0.017364851,"1,001",,,,,,,,,,,,,,,,,
,Sweden,2022,Aggregate,Aggregate,0.77029432,0.207272232,0.022433448,"1,001",,,,,,,,,,,,,,,,,
,Sweden,2021,Aggregate,Aggregate,0.700560292,0.265272158,0.03416755,"1,010",,,,,,,,,,,,,,,,,
,Sweden,2020,Aggregate,Aggregate,0.646546123,0.306436286,0.047017591,"1,000",,,,,,,,,,,,,,,,,
,Sweden,2019,Aggregate,Aggregate,0.567962815,0.30290198,0.129135204,"1,025",,,,,,,,,,,,,,,,,
,Sweden,2018,Aggregate,Aggregate,0.543314482,0.297555586,0.159129932,"1,001",,,,,,,,,,,,,,,,,
,Sweden,2017,Aggregate,Aggregate,0.603463923,0.293255996,0.103280081,"1,000",,,,,,,,,,,,,,,,,
,Sweden,2016,Aggregate,Aggregate,0.471780577,0.434148078,0.094071345,"1,000",,,,,,,,,,,,,,,,,
,Sweden,2015,Aggregate,Aggregate,0.453306458,0.394926934,0.151766608,"1,000",,,,,,,,,,,,,,,,,
,Sweden,2014,Aggregate,Aggregate,0.475955105,0.347395228,0.176649667,"1,000",,,,,,,,,,,,,,,,,
,Sweden,2013,Aggregate,Aggregate,0.302163793,0.352922516,0.344913691,750,,,,,,,,,,,,,,,,,
,Sweden,2012,Aggregate,Aggregate,0.393798274,0.37387457,0.232327156,"1,000",,,,,,,,,,,,,,,,,
,Sweden,2011,Aggregate,Aggregate,0.409726112,0.295592726,0.294681162,"1,006",,,,,,,,,,,,,,,,,
,Sweden,2010,Aggregate,Aggregate,0.400506774,0.371158611,0.228334615,"1,002",,,,,,,,,,,,,,,,,
,Sweden,2009,Aggregate,Aggregate,0.468165861,0.253354228,0.278479912,"1,002",,,,,,,,,,,,,,,,,
,Sweden,2008,Aggregate,Aggregate,0.473783712,0.27823648,0.247979808,"1,000",,,,,,,,,,,,,,,,,
,,,,,,,,,,,,,,,,,,,,,,,,,
,,,,,,,,,,,,,,,,,,,,,,,,,
,,,,,,,,,,,,,,,,,,,,,,,,,
,,,,,,,,,,,,,,,,,,,,,,,,,
,,,,,,,,,,,,,,,,,,,,,,,,,
,,,,,,,,,,,,,,,,,,,,,,,,,
,,,,,,,,,,,,,,,,,,,,,,,,,
,,,,,,,,,,,,,,,,,,,,,,,,,
,,,,,,,,,,,,,,,,,,,,,,,,,
